[
  {
    "customer_id": 1,
    "service_id": 1,
    "package_id": null,
    "technician_id": 3,
    "appointment_date": "2025-01-10",
    "start_time": "09:00:00",
    "end_time": "10:00:00",
    "status": "completed",
    "note": "Khách quen",
    "created_by": 2
  },
  {
    "customer_id": 2,
    "service_id": 1,
    "package_id": null,
    "technician_id": 3,
    "appointment_date": "2025-01-10",
    "start_time": "09:00:00",
    "end_time": "10:00:00",
    "status": "completed",
    "note": "Khách quen",
    "created_by": 1
  }
]
