{
  "1": [
    {"url": "/admin/", "text": "Báo cáo tổng hợp"},
    {"url": "/admin/user/", "text": "Quản lý nhân viên"},
    {"url": "/admin/service/", "text": "Quản lý dịch vụ"},
    {"url": "/admin/product/", "text": "Quản lý sản phẩm"},
    {"url": "/admin/staffshift/", "text": "Phân ca nhân viên"},
    {"url": "/admin/systemconfig/", "text": "Cấu hình hệ thống"}
  ],

  "2": [
    {"url": "/receptionist/", "text": "Dashboard"},
    {"url": "/receptionist/calendar", "text": "Lịch đặt chỗ"},
    {"url": "/receptionist/appointments", "text": "Quản lý lịch hẹn"},
    {"url": "/receptionist/customers", "text": "Quản lý khách hàng"}
  ],

  "4": [
    {"url": "/cashier/bills", "text": "Danh sách hóa đơn"},
    {"url": "/cashier/report/today", "text": "Báo cáo hôm nay"}
  ],

  "5": [
    {"url": "/customer/", "text": "Trang chủ"},
    {"url": "/customer/book", "text": "Đặt lịch mới"},
    {"url": "/customer/appointments", "text": "Lịch hẹn của tôi"},
    {"url": "/customer/history", "text": "Lịch sử dịch vụ"},
    {"url": "/customer/profile", "text": "Hồ sơ cá nhân"}
  ]

}
